{"cameraMode":{"drawMode":0,"name":"Shaded","section":"Shading Mode"},"sceneLighting":true,"audioPlay":false,"sceneViewState":{"showFog":true,"showMaterialUpdate":false,"showSkybox":true,"showFlares":true,"showImageEffects":true,"showParticleSystems":true},"in2DMode":false,"pivot":{"x":17.70407485961914,"y":7.265142440795898,"z":2.079784393310547},"rotation":{"x":0.10463692992925644,"y":0.056655533611774448,"z":0.005970792844891548,"w":-0.9928774833679199},"size":23.07859992980957,"orthographic":false}